Algorithm,Seed,Makespan,Energy,IsUniversalPareto
GA_Makespan_Dominance,200,38.050000,0.085612436,false
GA_Makespan_Dominance,200,32.500000,0.085811521,false
GA_Makespan_Dominance,200,31.333333,0.085854203,false
GA_Makespan_Dominance,200,36.928571,0.085660162,false
GA_Makespan_Dominance,200,29.166667,0.086849941,false
GA_Makespan_Dominance,200,29.333333,0.086356783,false
GA_Makespan_Dominance,200,29.500000,0.085919780,false
GA_Makespan_Dominance,200,32.250000,0.085812411,false
GA_Makespan_Dominance,200,29.285714,0.086545852,false
GA_Makespan_Dominance,201,43.250000,0.085809915,false
GA_Makespan_Dominance,201,30.150000,0.086000760,false
GA_Makespan_Dominance,201,30.333333,0.085870766,false
GA_Makespan_Dominance,201,29.500000,0.087112485,false
GA_Makespan_Dominance,201,31.333333,0.085830339,false
GA_Makespan_Dominance,201,29.928571,0.086396873,false
GA_Makespan_Dominance,202,31.285714,0.085715913,false
GA_Makespan_Dominance,202,30.285714,0.086035294,false
GA_Makespan_Dominance,202,32.285714,0.085705217,false
GA_Makespan_Dominance,202,30.250000,0.086176623,false
GA_Makespan_Dominance,203,30.107143,0.085764129,false
GA_Makespan_Dominance,203,31.285714,0.084438032,false
GA_Makespan_Dominance,203,30.285714,0.084582333,false
GA_Makespan_Dominance,204,31.100000,0.085188469,false
GA_Makespan_Dominance,204,30.285714,0.085261485,false
GA_Makespan_Dominance,204,31.285714,0.084715852,false
GA_Makespan_Dominance,204,30.333333,0.085249773,false
GA_Makespan_Dominance,204,31.250000,0.085155894,false
GA_Makespan_Dominance,204,29.333333,0.085916512,false
GA_Makespan_Dominance,204,29.928571,0.085456519,false
GA_Makespan_Dominance,205,39.285714,0.085539566,false
GA_Makespan_Dominance,205,31.100000,0.085621638,false
GA_Makespan_Dominance,205,30.250000,0.086134587,false
GA_Makespan_Dominance,205,33.285714,0.085586594,false
GA_Makespan_Dominance,205,30.285714,0.085705181,false
GA_Makespan_Dominance,206,41.000000,0.085526565,false
GA_Makespan_Dominance,206,30.100000,0.085756939,false
GA_Makespan_Dominance,206,29.333333,0.086107359,false
GA_Makespan_Dominance,206,30.333333,0.085543576,false
GA_Makespan_Dominance,206,30.050000,0.086079623,false
GA_Makespan_Dominance,206,29.285714,0.086138613,false
GA_Makespan_Dominance,207,37.050000,0.084933202,false
GA_Makespan_Dominance,207,31.285714,0.085109673,false
GA_Makespan_Dominance,207,30.333333,0.085117958,false
GA_Makespan_Dominance,207,30.285714,0.085123272,false
GA_Makespan_Dominance,207,29.500000,0.085141986,false
GA_Makespan_Dominance,207,29.333333,0.085270175,false
GA_Makespan_Dominance,207,29.285714,0.085285617,false
GA_Makespan_Dominance,208,30.166667,0.084248496,false
GA_Makespan_Dominance,208,29.285714,0.084310150,false
GA_Makespan_Dominance,209,53.000000,0.085178046,false
GA_Makespan_Dominance,209,30.107143,0.086446788,false
GA_Makespan_Dominance,209,30.250000,0.086012136,false
GA_Makespan_Dominance,209,30.150000,0.086407156,false
GA_Makespan_Dominance,209,43.000000,0.085203550,false
GA_Makespan_Dominance,209,30.333333,0.085246613,false
GA_Makespan_Dominance,209,30.285714,0.085299360,false
GA_Makespan_Dominance,209,42.000000,0.085233589,false
GA_Energy_Dominance,200,28.000000,0.080318658,false
GA_Energy_Dominance,200,49.250000,0.080092403,false
GA_Energy_Dominance,200,53.500000,0.079685930,false
GA_Energy_Dominance,200,55.150000,0.079590497,false
GA_Energy_Dominance,200,51.150000,0.080049968,false
GA_Energy_Dominance,200,60.500000,0.079166063,false
GA_Energy_Dominance,200,54.500000,0.079603564,false
GA_Energy_Dominance,200,68.250000,0.078554161,false
GA_Energy_Dominance,200,70.500000,0.078445916,false
GA_Energy_Dominance,200,76.500000,0.078151280,false
GA_Energy_Dominance,200,76.150000,0.078222526,false
GA_Energy_Dominance,200,78.150000,0.077817269,false
GA_Energy_Dominance,200,67.500000,0.078880236,false
GA_Energy_Dominance,200,63.150000,0.078890288,false
GA_Energy_Dominance,200,76.050000,0.078377488,false
GA_Energy_Dominance,200,77.500000,0.077881608,false
GA_Energy_Dominance,200,80.100000,0.076303073,false
GA_Energy_Dominance,200,84.150000,0.076177646,false
GA_Energy_Dominance,200,86.100000,0.075498297,false
GA_Energy_Dominance,200,90.000000,0.074475973,false
GA_Energy_Dominance,200,87.500000,0.075338787,false
GA_Energy_Dominance,200,91.000000,0.074468014,false
GA_Energy_Dominance,200,101.100000,0.072905007,false
GA_Energy_Dominance,200,88.150000,0.075056250,false
GA_Energy_Dominance,200,91.500000,0.074275004,false
GA_Energy_Dominance,200,104.100000,0.072782112,false
GA_Energy_Dominance,200,102.250000,0.072896269,false
GA_Energy_Dominance,200,94.000000,0.072989412,false
GA_Energy_Dominance,200,97.100000,0.072939568,false
GA_Energy_Dominance,200,103.250000,0.072893717,false
GA_Energy_Dominance,200,100.250000,0.072934711,false
GA_Energy_Dominance,200,107.000000,0.072615969,false
GA_Energy_Dominance,200,114.150000,0.071394731,false
GA_Energy_Dominance,200,115.000000,0.071303756,false
GA_Energy_Dominance,200,110.000000,0.072036803,false
GA_Energy_Dominance,200,114.000000,0.071421061,false
GA_Energy_Dominance,200,117.000000,0.070617043,false
GA_Energy_Dominance,200,116.150000,0.070745520,false
GA_Energy_Dominance,200,116.000000,0.070981165,false
GA_Energy_Dominance,201,28.000000,0.080318658,false
GA_Energy_Dominance,201,150.400000,0.079044085,false
GA_Energy_Dominance,201,151.000000,0.078507939,false
GA_Energy_Dominance,201,154.600000,0.078070097,false
GA_Energy_Dominance,201,149.200000,0.079831620,false
GA_Energy_Dominance,201,153.600000,0.078141762,false
GA_Energy_Dominance,201,172.000000,0.077694983,false
GA_Energy_Dominance,201,150.200000,0.079200004,false
GA_Energy_Dominance,201,146.200000,0.079978035,false
GA_Energy_Dominance,201,185.600000,0.074430407,false
GA_Energy_Dominance,201,224.400000,0.073197397,false
GA_Energy_Dominance,201,227.600000,0.072662648,false
GA_Energy_Dominance,201,225.600000,0.072831911,false
GA_Energy_Dominance,201,228.400000,0.072321988,false
GA_Energy_Dominance,201,229.000000,0.071446501,false
GA_Energy_Dominance,201,230.600000,0.071129164,false
GA_Energy_Dominance,201,231.600000,0.070747287,false
GA_Energy_Dominance,201,234.600000,0.069505168,false
GA_Energy_Dominance,201,233.400000,0.070150030,false
GA_Energy_Dominance,201,232.600000,0.070284171,false
GA_Energy_Dominance,201,234.400000,0.069727040,false
GA_Energy_Dominance,201,233.200000,0.070186297,false
GA_Energy_Dominance,201,234.200000,0.069802298,false
GA_Energy_Dominance,201,233.600000,0.069813549,false
GA_Energy_Dominance,201,238.000000,0.068983011,false
GA_Energy_Dominance,201,236.400000,0.069248300,false
GA_Energy_Dominance,201,232.200000,0.070351992,false
GA_Energy_Dominance,201,236.600000,0.069041629,false
GA_Energy_Dominance,201,236.200000,0.069408378,false
GA_Energy_Dominance,202,28.000000,0.080318658,false
GA_Energy_Dominance,202,102.000000,0.080234414,false
GA_Energy_Dominance,202,104.000000,0.078553625,false
GA_Energy_Dominance,202,103.000000,0.078894355,false
GA_Energy_Dominance,202,178.400000,0.073866183,false
GA_Energy_Dominance,202,110.150000,0.074467247,false
GA_Energy_Dominance,202,182.000000,0.072054344,false
GA_Energy_Dominance,202,152.600000,0.074188581,false
GA_Energy_Dominance,202,181.000000,0.072509326,false
GA_Energy_Dominance,202,185.000000,0.070010001,false
GA_Energy_Dominance,202,182.200000,0.070281162,false
GA_Energy_Dominance,202,179.000000,0.072531950,false
GA_Energy_Dominance,202,190.000000,0.069032467,false
GA_Energy_Dominance,202,186.000000,0.069192089,false
GA_Energy_Dominance,202,189.000000,0.069076652,false
GA_Energy_Dominance,203,28.000000,0.080318658,false
GA_Energy_Dominance,203,105.600000,0.080206727,false
GA_Energy_Dominance,203,106.000000,0.079860499,false
GA_Energy_Dominance,203,184.600000,0.079022958,false
GA_Energy_Dominance,203,106.600000,0.079728624,false
GA_Energy_Dominance,203,184.000000,0.079255891,false
GA_Energy_Dominance,203,186.200000,0.078722400,false
GA_Energy_Dominance,203,200.200000,0.076065565,false
GA_Energy_Dominance,203,265.000000,0.069210111,false
GA_Energy_Dominance,203,266.200000,0.069162824,false
GA_Energy_Dominance,203,262.600000,0.070396490,false
GA_Energy_Dominance,203,263.400000,0.070131554,false
GA_Energy_Dominance,203,266.400000,0.068739913,false
GA_Energy_Dominance,203,263.600000,0.069927671,false
GA_Energy_Dominance,203,266.600000,0.068622712,false
GA_Energy_Dominance,203,210.200000,0.071062976,false
GA_Energy_Dominance,203,264.000000,0.069299234,false
GA_Energy_Dominance,203,272.600000,0.067781288,true
GA_Energy_Dominance,203,269.400000,0.067966765,false
GA_Energy_Dominance,203,268.400000,0.068129793,false
GA_Energy_Dominance,203,267.400000,0.068259744,false
GA_Energy_Dominance,203,270.600000,0.067804874,true
GA_Energy_Dominance,203,275.400000,0.067755601,true
GA_Energy_Dominance,204,28.000000,0.080318658,false
GA_Energy_Dominance,204,104.400000,0.079199959,false
GA_Energy_Dominance,204,101.200000,0.079978810,false
GA_Energy_Dominance,204,103.600000,0.079318875,false
GA_Energy_Dominance,204,103.000000,0.079405328,false
GA_Energy_Dominance,204,106.000000,0.078907360,false
GA_Energy_Dominance,204,104.600000,0.079177867,false
GA_Energy_Dominance,204,106.600000,0.078753773,false
GA_Energy_Dominance,204,105.200000,0.078988581,false
GA_Energy_Dominance,204,104.000000,0.079292233,false
GA_Energy_Dominance,204,106.400000,0.078869020,false
GA_Energy_Dominance,204,108.000000,0.078443755,false
GA_Energy_Dominance,204,111.600000,0.073421034,false
GA_Energy_Dominance,204,184.000000,0.071071790,false
GA_Energy_Dominance,204,182.200000,0.071843707,false
GA_Energy_Dominance,204,184.400000,0.070581228,false
GA_Energy_Dominance,204,185.600000,0.069844067,false
GA_Energy_Dominance,204,185.200000,0.070184367,false
GA_Energy_Dominance,204,185.000000,0.070190933,false
GA_Energy_Dominance,204,186.200000,0.069653832,false
GA_Energy_Dominance,204,183.200000,0.071726116,false
GA_Energy_Dominance,204,189.000000,0.069353461,false
GA_Energy_Dominance,204,184.600000,0.070231262,false
GA_Energy_Dominance,204,184.200000,0.070656773,false
GA_Energy_Dominance,204,188.000000,0.069501244,false
GA_Energy_Dominance,204,189.200000,0.069329721,false
GA_Energy_Dominance,204,187.200000,0.069635650,false
GA_Energy_Dominance,204,187.600000,0.069599741,false
GA_Energy_Dominance,205,28.000000,0.080318658,false
GA_Energy_Dominance,205,42.150000,0.080131438,false
GA_Energy_Dominance,205,40.150000,0.080276305,false
GA_Energy_Dominance,205,48.100000,0.079598825,false
GA_Energy_Dominance,205,47.500000,0.079728465,false
GA_Energy_Dominance,205,51.250000,0.079449261,false
GA_Energy_Dominance,205,56.150000,0.079169084,false
GA_Energy_Dominance,205,51.500000,0.079329752,false
GA_Energy_Dominance,205,65.500000,0.079106992,false
GA_Energy_Dominance,205,76.200000,0.079086583,false
GA_Energy_Dominance,205,100.000000,0.077178504,false
GA_Energy_Dominance,205,99.000000,0.077578950,false
GA_Energy_Dominance,205,100.200000,0.076172826,false
GA_Energy_Dominance,205,102.600000,0.074563013,false
GA_Energy_Dominance,205,101.400000,0.075292484,false
GA_Energy_Dominance,205,102.000000,0.074668767,false
GA_Energy_Dominance,205,103.000000,0.074048298,false
GA_Energy_Dominance,205,101.600000,0.074922033,false
GA_Energy_Dominance,205,101.000000,0.075693606,false
GA_Energy_Dominance,205,104.050000,0.073187237,false
GA_Energy_Dominance,205,106.400000,0.072937102,false
GA_Energy_Dominance,205,107.000000,0.072679172,false
GA_Energy_Dominance,205,103.600000,0.073468403,false
GA_Energy_Dominance,205,108.200000,0.072548127,false
GA_Energy_Dominance,205,104.200000,0.073030475,false
GA_Energy_Dominance,205,106.200000,0.072981384,false
GA_Energy_Dominance,205,106.600000,0.072847888,false
GA_Energy_Dominance,205,109.000000,0.072138103,false
GA_Energy_Dominance,205,113.150000,0.072135697,false
GA_Energy_Dominance,205,113.600000,0.071883479,false
GA_Energy_Dominance,205,116.150000,0.071143040,false
GA_Energy_Dominance,205,124.600000,0.069908011,false
GA_Energy_Dominance,205,114.000000,0.071342503,false
GA_Energy_Dominance,205,118.600000,0.070111708,false
GA_Energy_Dominance,205,117.600000,0.070590644,false
GA_Energy_Dominance,205,161.000000,0.069613902,false
GA_Energy_Dominance,205,172.000000,0.069542098,false
GA_Energy_Dominance,205,160.600000,0.069619228,false
GA_Energy_Dominance,205,159.200000,0.069793850,false
GA_Energy_Dominance,205,162.000000,0.069602720,false
GA_Energy_Dominance,205,174.600000,0.069397592,false
GA_Energy_Dominance,205,168.600000,0.069592368,false
GA_Energy_Dominance,205,172.600000,0.069411622,false
GA_Energy_Dominance,206,28.000000,0.080318658,false
GA_Energy_Dominance,206,99.600000,0.078044677,false
GA_Energy_Dominance,206,101.200000,0.076988871,false
GA_Energy_Dominance,206,101.400000,0.076674973,false
GA_Energy_Dominance,206,101.000000,0.077736224,false
GA_Energy_Dominance,206,101.600000,0.075210694,false
GA_Energy_Dominance,206,104.000000,0.073870964,false
GA_Energy_Dominance,206,105.000000,0.073870143,false
GA_Energy_Dominance,206,103.000000,0.074519537,false
GA_Energy_Dominance,206,105.200000,0.073525081,false
GA_Energy_Dominance,206,106.200000,0.073427590,false
GA_Energy_Dominance,206,108.600000,0.073134735,false
GA_Energy_Dominance,206,106.400000,0.073285453,false
GA_Energy_Dominance,206,109.200000,0.072449695,false
GA_Energy_Dominance,206,111.400000,0.071473039,false
GA_Energy_Dominance,206,115.000000,0.071063403,false
GA_Energy_Dominance,206,114.500000,0.071166560,false
GA_Energy_Dominance,206,110.000000,0.071614999,false
GA_Energy_Dominance,206,115.500000,0.070897402,false
GA_Energy_Dominance,206,113.000000,0.071251758,false
GA_Energy_Dominance,206,119.500000,0.070764408,false
GA_Energy_Dominance,206,114.000000,0.071204068,false
GA_Energy_Dominance,206,130.150000,0.070558672,false
GA_Energy_Dominance,206,116.000000,0.070883078,false
GA_Energy_Dominance,207,28.000000,0.080318658,false
GA_Energy_Dominance,207,101.200000,0.080226239,false
GA_Energy_Dominance,207,105.600000,0.074776321,false
GA_Energy_Dominance,207,104.000000,0.075377189,false
GA_Energy_Dominance,207,104.200000,0.074945522,false
GA_Energy_Dominance,207,104.400000,0.074914343,false
GA_Energy_Dominance,207,104.600000,0.074841773,false
GA_Energy_Dominance,207,101.400000,0.075531623,false
GA_Energy_Dominance,207,106.000000,0.074089503,false
GA_Energy_Dominance,207,109.500000,0.074017938,false
GA_Energy_Dominance,207,111.100000,0.073448080,false
GA_Energy_Dominance,207,117.150000,0.073021984,false
GA_Energy_Dominance,207,117.500000,0.072133683,false
GA_Energy_Dominance,207,121.500000,0.071642676,false
GA_Energy_Dominance,207,119.200000,0.072019007,false
GA_Energy_Dominance,207,122.050000,0.071066261,false
GA_Energy_Dominance,207,128.500000,0.070006862,false
GA_Energy_Dominance,207,127.050000,0.070967040,false
GA_Energy_Dominance,207,127.100000,0.070740776,false
GA_Energy_Dominance,207,128.150000,0.070388110,false
GA_Energy_Dominance,207,127.500000,0.070652942,false
GA_Energy_Dominance,207,143.150000,0.069468263,false
GA_Energy_Dominance,207,143.500000,0.069416800,false
GA_Energy_Dominance,207,137.250000,0.069469391,false
GA_Energy_Dominance,208,28.000000,0.080318658,false
GA_Energy_Dominance,208,67.500000,0.079984431,false
GA_Energy_Dominance,208,48.150000,0.080003787,false
GA_Energy_Dominance,208,103.200000,0.076551679,false
GA_Energy_Dominance,208,106.200000,0.073630083,false
GA_Energy_Dominance,208,104.200000,0.073883142,false
GA_Energy_Dominance,208,110.100000,0.073172411,false
GA_Energy_Dominance,208,112.000000,0.072376944,false
GA_Energy_Dominance,208,111.050000,0.072573251,false
GA_Energy_Dominance,208,110.500000,0.072708403,false
GA_Energy_Dominance,208,123.000000,0.070246935,false
GA_Energy_Dominance,208,121.100000,0.071029405,false
GA_Energy_Dominance,208,121.500000,0.071007949,false
GA_Energy_Dominance,208,122.000000,0.070503806,false
GA_Energy_Dominance,208,123.500000,0.069986114,false
GA_Energy_Dominance,208,112.600000,0.071247632,false
GA_Energy_Dominance,208,124.000000,0.069964355,false
GA_Energy_Dominance,209,28.000000,0.080318658,false
GA_Energy_Dominance,209,105.000000,0.079444761,false
GA_Energy_Dominance,209,102.400000,0.080270436,false
GA_Energy_Dominance,209,104.200000,0.079879159,false
GA_Energy_Dominance,209,104.000000,0.080086026,false
GA_Energy_Dominance,209,107.000000,0.077827586,false
GA_Energy_Dominance,209,106.200000,0.078831455,false
GA_Energy_Dominance,209,156.400000,0.077199723,false
GA_Energy_Dominance,209,103.400000,0.080214359,false
GA_Energy_Dominance,209,179.200000,0.075785136,false
GA_Energy_Dominance,209,181.600000,0.075409974,false
GA_Energy_Dominance,209,181.000000,0.075491879,false
GA_Energy_Dominance,209,180.400000,0.075563072,false
GA_Energy_Dominance,209,182.000000,0.075389478,false
GA_Energy_Dominance,209,182.400000,0.074955282,false
GA_Energy_Dominance,209,183.000000,0.074651047,false
GA_Energy_Dominance,209,179.400000,0.075665119,false
GA_Energy_Dominance,209,184.400000,0.073712138,false
GA_Energy_Dominance,209,185.600000,0.073669859,false
GA_Energy_Dominance,209,182.200000,0.075030628,false
GA_Energy_Dominance,209,183.600000,0.074091577,false
GA_Energy_Dominance,209,186.000000,0.073510102,false
GA_Energy_Dominance,209,231.400000,0.073267574,false
GA_Energy_Dominance,209,233.200000,0.070939066,false
GA_Energy_Dominance,209,234.000000,0.069949867,false
GA_Energy_Dominance,209,236.600000,0.068855169,false
GA_Energy_Dominance,209,235.000000,0.069508331,false
GA_Energy_Dominance,209,231.600000,0.071342055,false
GA_Energy_Dominance,209,242.000000,0.068125147,false
GA_Energy_Dominance,209,241.000000,0.068156238,false
GA_Energy_Dominance,209,242.200000,0.067984278,false
GA_Energy_Dominance,209,240.600000,0.068253012,false
GA_Energy_Dominance,209,236.200000,0.069075933,false
GA_Energy_Dominance,209,242.400000,0.067963157,false
GA_Energy_Dominance,209,237.000000,0.068326409,false
GA_Energy_Dominance,209,245.600000,0.067896797,true
SA_Makespan_Dominance,200,29.285714,0.077137075,true
SA_Makespan_Dominance,200,30.200000,0.077121896,true
SA_Makespan_Dominance,200,30.400000,0.077106453,true
SA_Makespan_Dominance,201,32.500000,0.076191260,false
SA_Makespan_Dominance,201,33.200000,0.076160638,false
SA_Makespan_Dominance,201,33.928571,0.076152804,false
SA_Makespan_Dominance,201,53.000000,0.076085057,false
SA_Makespan_Dominance,202,32.400000,0.076059123,true
SA_Makespan_Dominance,202,32.200000,0.076064914,true
SA_Makespan_Dominance,202,32.600000,0.076034292,true
SA_Makespan_Dominance,203,37.000000,0.085666900,false
SA_Makespan_Dominance,203,36.000000,0.085835323,false
SA_Makespan_Dominance,203,59.200000,0.072277009,true
SA_Makespan_Dominance,203,59.600000,0.072256308,true
SA_Makespan_Dominance,203,60.600000,0.072246387,true
SA_Makespan_Dominance,204,36.000000,0.085611163,false
SA_Makespan_Dominance,204,37.200000,0.073636072,true
SA_Makespan_Dominance,205,36.000000,0.085874094,false
SA_Makespan_Dominance,205,37.000000,0.085786983,false
SA_Makespan_Dominance,205,50.000000,0.073360057,true
SA_Makespan_Dominance,205,60.000000,0.073317012,false
SA_Makespan_Dominance,205,50.400000,0.073329435,true
SA_Makespan_Dominance,206,32.200000,0.076915471,false
SA_Makespan_Dominance,206,31.200000,0.076946093,true
SA_Makespan_Dominance,207,36.000000,0.085855728,false
SA_Makespan_Dominance,207,37.000000,0.085680506,false
SA_Makespan_Dominance,207,35.050000,0.086358950,false
SA_Makespan_Dominance,207,51.200000,0.072679548,true
SA_Makespan_Dominance,207,51.400000,0.072658848,true
SA_Makespan_Dominance,208,36.000000,0.085835323,false
SA_Makespan_Dominance,208,37.000000,0.085804701,false
SA_Makespan_Dominance,208,49.150000,0.085781747,false
SA_Makespan_Dominance,208,57.200000,0.076548180,false
SA_Makespan_Dominance,208,58.200000,0.076517558,false
SA_Makespan_Dominance,209,36.000000,0.085895146,false
SA_Makespan_Dominance,209,36.150000,0.085856375,false
SA_Makespan_Dominance,209,37.000000,0.085776316,false
SA_Makespan_Dominance,209,40.000000,0.073539226,true
SA_Energy_Dominance,200,28.000000,0.080318658,false
SA_Energy_Dominance,200,28.050000,0.080279887,false
SA_Energy_Dominance,200,119.400000,0.075734104,false
SA_Energy_Dominance,200,119.600000,0.075675222,false
SA_Energy_Dominance,200,121.000000,0.075669079,false
SA_Energy_Dominance,200,121.200000,0.073935947,false
SA_Energy_Dominance,200,121.400000,0.073776268,false
SA_Energy_Dominance,200,121.600000,0.073733810,false
SA_Energy_Dominance,200,122.200000,0.073697578,false
SA_Energy_Dominance,200,122.400000,0.073342589,false
SA_Energy_Dominance,200,123.000000,0.073197309,false
SA_Energy_Dominance,200,123.400000,0.072780280,false
SA_Energy_Dominance,200,123.600000,0.072723883,false
SA_Energy_Dominance,200,124.000000,0.072560589,false
SA_Energy_Dominance,200,124.400000,0.072485675,false
SA_Energy_Dominance,200,124.200000,0.072533275,false
SA_Energy_Dominance,200,125.200000,0.072015544,false
SA_Energy_Dominance,200,126.200000,0.071917436,false
SA_Energy_Dominance,200,126.400000,0.071780123,false
SA_Energy_Dominance,200,127.000000,0.071650463,false
SA_Energy_Dominance,200,127.600000,0.071285131,false
SA_Energy_Dominance,200,127.200000,0.071305832,false
SA_Energy_Dominance,200,129.000000,0.071230739,false
SA_Energy_Dominance,200,128.200000,0.071278340,false
SA_Energy_Dominance,200,129.200000,0.070993261,false
SA_Energy_Dominance,200,130.000000,0.070957271,false
SA_Energy_Dominance,200,130.200000,0.069044279,false
SA_Energy_Dominance,200,130.400000,0.068980851,false
SA_Energy_Dominance,200,131.200000,0.068699796,false
SA_Energy_Dominance,201,28.000000,0.080234447,false
SA_Energy_Dominance,201,63.050000,0.073209299,false
SA_Energy_Dominance,201,65.500000,0.073074743,false
SA_Energy_Dominance,201,66.500000,0.073022632,false
SA_Energy_Dominance,201,72.500000,0.070619169,false
SA_Energy_Dominance,201,73.000000,0.070097733,true
SA_Energy_Dominance,202,28.000000,0.080276553,false
SA_Energy_Dominance,202,53.500000,0.079218184,false
SA_Energy_Dominance,202,55.100000,0.078698531,false
SA_Energy_Dominance,202,62.000000,0.078464944,false
SA_Energy_Dominance,202,62.150000,0.078449765,false
SA_Energy_Dominance,202,66.100000,0.073618466,false
SA_Energy_Dominance,202,66.150000,0.070528367,true
SA_Energy_Dominance,202,66.500000,0.070352798,true
SA_Energy_Dominance,202,73.000000,0.070322394,false
SA_Energy_Dominance,202,78.500000,0.069304580,true
SA_Energy_Dominance,202,79.050000,0.069136025,true
SA_Energy_Dominance,202,79.000000,0.069223282,true
SA_Energy_Dominance,203,28.000000,0.080297606,false
SA_Energy_Dominance,203,85.250000,0.077947865,false
SA_Energy_Dominance,203,87.000000,0.075819698,false
SA_Energy_Dominance,203,89.200000,0.074387636,false
SA_Energy_Dominance,203,90.200000,0.073751510,false
SA_Energy_Dominance,203,91.200000,0.073662707,false
SA_Energy_Dominance,203,91.400000,0.072631531,false
SA_Energy_Dominance,203,91.600000,0.072229571,false
SA_Energy_Dominance,203,92.000000,0.072229218,false
SA_Energy_Dominance,203,92.200000,0.071628803,false
SA_Energy_Dominance,203,92.400000,0.071609654,false
SA_Energy_Dominance,203,93.200000,0.071530783,false
SA_Energy_Dominance,203,93.600000,0.071519417,false
SA_Energy_Dominance,203,94.400000,0.071458896,false
SA_Energy_Dominance,203,96.200000,0.070818663,false
SA_Energy_Dominance,203,97.000000,0.070770414,false
SA_Energy_Dominance,203,96.400000,0.070791115,false
SA_Energy_Dominance,203,97.600000,0.070755236,false
SA_Energy_Dominance,203,96.600000,0.070785857,false
SA_Energy_Dominance,203,100.050000,0.070456657,false
SA_Energy_Dominance,203,103.500000,0.070174109,false
SA_Energy_Dominance,203,104.500000,0.069308605,false
SA_Energy_Dominance,203,105.100000,0.069018958,false
SA_Energy_Dominance,203,105.500000,0.068730181,true
SA_Energy_Dominance,203,106.000000,0.068405380,true
SA_Energy_Dominance,203,106.400000,0.067925952,true
SA_Energy_Dominance,203,106.200000,0.067925952,true
SA_Energy_Dominance,204,28.400000,0.080228213,false
SA_Energy_Dominance,204,28.000000,0.080231455,false
SA_Energy_Dominance,204,100.600000,0.078131870,false
SA_Energy_Dominance,204,101.600000,0.077482346,false
SA_Energy_Dominance,204,102.000000,0.077287193,false
SA_Energy_Dominance,204,102.600000,0.076905776,false
SA_Energy_Dominance,204,103.000000,0.076782549,false
SA_Energy_Dominance,204,103.400000,0.075973524,false
SA_Energy_Dominance,204,104.200000,0.075338434,false
SA_Energy_Dominance,204,104.400000,0.075238510,false
SA_Energy_Dominance,204,105.400000,0.075232367,false
SA_Energy_Dominance,204,105.600000,0.075185087,false
SA_Energy_Dominance,204,107.000000,0.074865637,false
SA_Energy_Dominance,204,107.400000,0.074527898,false
SA_Energy_Dominance,204,108.200000,0.074135161,false
SA_Energy_Dominance,204,108.000000,0.074167322,false
SA_Energy_Dominance,204,108.600000,0.073773689,false
SA_Energy_Dominance,204,109.000000,0.073634465,false
SA_Energy_Dominance,204,109.200000,0.073407549,false
SA_Energy_Dominance,204,110.000000,0.073386849,false
SA_Energy_Dominance,204,110.200000,0.071167453,false
SA_Energy_Dominance,204,110.400000,0.071143327,false
SA_Energy_Dominance,204,111.200000,0.070303604,false
SA_Energy_Dominance,204,111.400000,0.070096491,false
SA_Energy_Dominance,204,111.600000,0.069291415,false
SA_Energy_Dominance,204,112.600000,0.069031305,false
SA_Energy_Dominance,204,112.200000,0.069058853,false
SA_Energy_Dominance,204,113.400000,0.068989171,false
SA_Energy_Dominance,204,113.200000,0.069010224,false
SA_Energy_Dominance,204,114.000000,0.068961975,false
SA_Energy_Dominance,204,115.000000,0.068955831,false
SA_Energy_Dominance,204,115.200000,0.068849412,false
SA_Energy_Dominance,204,115.600000,0.068563650,false
SA_Energy_Dominance,204,115.400000,0.068564354,false
SA_Energy_Dominance,204,116.200000,0.068079820,false
SA_Energy_Dominance,205,28.000000,0.080231455,false
SA_Energy_Dominance,205,83.050000,0.079838014,false
SA_Energy_Dominance,205,83.250000,0.079631283,false
SA_Energy_Dominance,205,85.050000,0.069429241,false
SA_Energy_Dominance,205,85.500000,0.069028505,true
SA_Energy_Dominance,206,28.000000,0.080318658,false
SA_Energy_Dominance,206,28.600000,0.080288036,false
SA_Energy_Dominance,206,28.200000,0.080312515,false
SA_Energy_Dominance,206,67.000000,0.070415921,false
SA_Energy_Dominance,206,72.500000,0.070234242,true
SA_Energy_Dominance,206,69.500000,0.070381612,false
SA_Energy_Dominance,207,28.000000,0.080193694,true
SA_Energy_Dominance,207,116.400000,0.079850583,false
SA_Energy_Dominance,207,117.400000,0.078836216,false
SA_Energy_Dominance,207,118.000000,0.078741644,false
SA_Energy_Dominance,207,118.200000,0.078345339,false
SA_Energy_Dominance,207,118.400000,0.078086984,false
SA_Energy_Dominance,207,118.600000,0.077847421,false
SA_Energy_Dominance,207,119.600000,0.077354209,false
SA_Energy_Dominance,207,120.200000,0.077291062,false
SA_Energy_Dominance,207,121.000000,0.077225448,false
SA_Energy_Dominance,207,121.400000,0.077096832,false
SA_Energy_Dominance,207,121.200000,0.077117532,false
SA_Energy_Dominance,207,122.400000,0.076305463,false
SA_Energy_Dominance,207,122.600000,0.076258479,false
SA_Energy_Dominance,207,123.000000,0.076222247,false
SA_Energy_Dominance,207,123.400000,0.076200700,false
SA_Energy_Dominance,207,124.000000,0.076133494,false
SA_Energy_Dominance,207,124.400000,0.074653543,false
SA_Energy_Dominance,207,125.000000,0.074498320,false
SA_Energy_Dominance,207,125.200000,0.074023346,false
SA_Energy_Dominance,207,125.400000,0.074018380,false
SA_Energy_Dominance,207,125.600000,0.074003823,false
SA_Energy_Dominance,207,126.200000,0.073888439,false
SA_Energy_Dominance,207,127.000000,0.073524511,false
SA_Energy_Dominance,207,127.200000,0.073465978,false
SA_Energy_Dominance,207,128.000000,0.073374090,false
SA_Energy_Dominance,207,128.200000,0.073251833,false
SA_Energy_Dominance,207,129.600000,0.073148748,false
SA_Energy_Dominance,207,129.400000,0.073169801,false
SA_Energy_Dominance,207,131.000000,0.072961185,false
SA_Energy_Dominance,207,131.200000,0.072673936,false
SA_Energy_Dominance,207,131.400000,0.072376713,false
SA_Energy_Dominance,207,132.000000,0.072355660,false
SA_Energy_Dominance,207,133.000000,0.072132362,false
SA_Energy_Dominance,207,132.400000,0.072181054,false
SA_Energy_Dominance,207,133.200000,0.072081744,false
SA_Energy_Dominance,207,133.400000,0.071751037,false
SA_Energy_Dominance,207,134.000000,0.071736480,false
SA_Energy_Dominance,207,134.200000,0.071731763,false
SA_Energy_Dominance,207,134.600000,0.071685098,false
SA_Energy_Dominance,207,134.400000,0.071706150,false
SA_Energy_Dominance,207,135.200000,0.071415074,false
SA_Energy_Dominance,207,135.600000,0.071337874,false
SA_Energy_Dominance,207,135.400000,0.071358574,false
SA_Energy_Dominance,207,136.400000,0.070279972,false
SA_Energy_Dominance,207,136.200000,0.070316204,false
SA_Energy_Dominance,207,137.000000,0.070268802,false
SA_Energy_Dominance,207,137.400000,0.070248998,false
SA_Energy_Dominance,207,137.600000,0.070222489,false
SA_Energy_Dominance,207,138.000000,0.070221240,false
SA_Energy_Dominance,207,138.200000,0.069476546,false
SA_Energy_Dominance,208,28.000000,0.080234447,false
SA_Energy_Dominance,208,90.050000,0.077178145,false
SA_Energy_Dominance,208,91.000000,0.076845932,false
SA_Energy_Dominance,208,92.500000,0.068888630,true
SA_Energy_Dominance,209,28.000000,0.080276553,false
SA_Energy_Dominance,209,90.250000,0.079091132,false
SA_Energy_Dominance,209,91.250000,0.078731924,false
SA_Energy_Dominance,209,91.500000,0.069279236,false
NSGA-II,200,28.000000,0.080318658,false
NSGA-II,200,102.600000,0.075959542,false
NSGA-II,200,67.500000,0.078155926,false
NSGA-II,200,47.500000,0.079862482,false
NSGA-II,200,78.100000,0.077914234,false
NSGA-II,200,64.150000,0.079167424,false
NSGA-II,200,97.600000,0.077315633,false
NSGA-II,200,88.500000,0.077720272,false
NSGA-II,200,48.500000,0.079259741,false
NSGA-II,200,89.500000,0.077564608,false
NSGA-II,200,100.000000,0.076526455,false
NSGA-II,200,59.500000,0.079250311,false
NSGA-II,200,48.250000,0.079561864,false
NSGA-II,200,99.600000,0.076624088,false
NSGA-II,200,99.200000,0.077054270,false
NSGA-II,200,98.400000,0.077059792,false
NSGA-II,200,61.050000,0.079176175,false
NSGA-II,200,48.000000,0.079823355,false
NSGA-II,201,28.000000,0.080318658,false
NSGA-II,201,237.000000,0.074552472,false
NSGA-II,201,184.000000,0.075513539,false
NSGA-II,201,105.200000,0.076151138,false
NSGA-II,201,228.400000,0.075297176,false
NSGA-II,201,152.200000,0.076073453,false
NSGA-II,201,76.150000,0.078630614,false
NSGA-II,201,154.400000,0.075840524,false
NSGA-II,201,49.150000,0.079956855,false
NSGA-II,201,96.000000,0.078360663,false
NSGA-II,201,67.500000,0.078871135,false
NSGA-II,201,104.600000,0.076580423,false
NSGA-II,201,98.200000,0.077460518,false
NSGA-II,201,60.500000,0.079367813,false
NSGA-II,201,56.150000,0.079712001,false
NSGA-II,201,232.000000,0.074683549,false
NSGA-II,201,230.400000,0.074914949,false
NSGA-II,201,98.000000,0.077956975,false
NSGA-II,201,229.000000,0.075135116,false
NSGA-II,201,64.250000,0.079175692,false
NSGA-II,201,102.400000,0.076790942,false
NSGA-II,201,102.000000,0.077078002,false
NSGA-II,201,54.100000,0.079865815,false
NSGA-II,201,102.200000,0.076915553,false
NSGA-II,201,152.600000,0.075872997,false
NSGA-II,201,100.000000,0.077228686,false
NSGA-II,201,99.600000,0.077299840,false
NSGA-II,201,97.000000,0.078187708,false
NSGA-II,201,61.100000,0.079238843,false
NSGA-II,201,97.400000,0.078122373,false
NSGA-II,201,54.500000,0.079750500,false
NSGA-II,201,97.600000,0.077956978,false
NSGA-II,201,64.150000,0.079207625,false
NSGA-II,202,28.000000,0.080318658,false
NSGA-II,202,365.000000,0.072412311,false
NSGA-II,202,105.400000,0.076113848,false
NSGA-II,202,341.400000,0.072753945,false
NSGA-II,202,230.600000,0.074514103,false
NSGA-II,202,262.400000,0.073429493,false
NSGA-II,202,180.000000,0.074589081,false
NSGA-II,202,152.400000,0.075930598,false
NSGA-II,202,284.400000,0.073408141,false
NSGA-II,202,70.400000,0.080076255,false
NSGA-II,202,73.600000,0.079335013,false
NSGA-II,202,235.000000,0.073783823,false
NSGA-II,202,177.200000,0.075236918,false
NSGA-II,202,316.400000,0.073241570,false
NSGA-II,202,154.200000,0.075413436,false
NSGA-II,202,80.000000,0.078916418,false
NSGA-II,202,105.000000,0.076708016,false
NSGA-II,202,312.600000,0.073267811,false
NSGA-II,202,358.000000,0.072595665,false
NSGA-II,202,72.200000,0.080032941,false
NSGA-II,202,90.150000,0.078587228,false
NSGA-II,202,179.200000,0.074807845,false
NSGA-II,202,96.600000,0.078081994,false
NSGA-II,202,91.000000,0.078378960,false
NSGA-II,202,232.000000,0.074272437,false
NSGA-II,202,153.400000,0.075860920,false
NSGA-II,202,233.000000,0.073984040,false
NSGA-II,202,100.400000,0.077678600,false
NSGA-II,202,101.400000,0.077314165,false
NSGA-II,202,103.400000,0.077001565,false
NSGA-II,202,97.400000,0.077857717,false
NSGA-II,202,97.600000,0.077752252,false
NSGA-II,202,102.600000,0.077149036,false
NSGA-II,202,102.200000,0.077196145,false
NSGA-II,202,102.400000,0.077177369,false
NSGA-II,203,28.000000,0.080318658,false
NSGA-II,203,156.400000,0.076023606,false
NSGA-II,203,104.600000,0.076229965,false
NSGA-II,203,154.000000,0.076210728,false
NSGA-II,203,83.250000,0.076940915,false
NSGA-II,203,104.000000,0.076506575,false
NSGA-II,203,70.400000,0.079042795,false
NSGA-II,203,77.400000,0.077373012,false
NSGA-II,203,48.500000,0.080236467,false
NSGA-II,203,71.250000,0.078342223,false
NSGA-II,203,68.500000,0.079585878,false
NSGA-II,203,50.000000,0.079684431,false
NSGA-II,203,62.500000,0.079613519,false
NSGA-II,203,73.400000,0.077810032,false
NSGA-II,203,73.200000,0.078276369,false
NSGA-II,203,75.600000,0.077713660,false
NSGA-II,203,49.500000,0.079988484,false
NSGA-II,203,49.000000,0.080015122,false
NSGA-II,204,28.000000,0.080318658,false
NSGA-II,204,234.200000,0.074457643,false
NSGA-II,204,110.100000,0.076348903,false
NSGA-II,204,148.400000,0.075828599,false
NSGA-II,204,82.250000,0.077671377,false
NSGA-II,204,184.200000,0.075109856,false
NSGA-II,204,207.200000,0.075083964,false
NSGA-II,204,78.400000,0.078105613,false
NSGA-II,204,72.600000,0.079915007,false
NSGA-II,204,230.600000,0.075029778,false
NSGA-II,204,94.200000,0.076935188,false
NSGA-II,204,156.000000,0.075234966,false
NSGA-II,204,53.000000,0.080138477,false
NSGA-II,204,99.400000,0.076888825,false
NSGA-II,204,77.000000,0.078896925,false
NSGA-II,204,46.000000,0.080211450,false
NSGA-II,204,232.400000,0.074511388,false
NSGA-II,204,151.600000,0.075554299,false
NSGA-II,204,74.000000,0.079398955,false
NSGA-II,204,76.000000,0.079038186,false
NSGA-II,204,154.600000,0.075340297,false
NSGA-II,204,75.600000,0.079398487,false
NSGA-II,205,28.000000,0.080318658,false
NSGA-II,205,106.500000,0.075934453,false
NSGA-II,205,62.000000,0.079561100,false
NSGA-II,205,74.500000,0.079384305,false
NSGA-II,205,92.050000,0.077077681,false
NSGA-II,205,49.000000,0.079768397,false
NSGA-II,205,41.333333,0.080282401,false
NSGA-II,205,91.200000,0.078029478,false
NSGA-II,205,89.000000,0.078764337,false
NSGA-II,205,48.000000,0.080201510,false
NSGA-II,205,81.500000,0.079038754,false
NSGA-II,205,93.400000,0.076659726,false
NSGA-II,205,101.000000,0.075950758,false
NSGA-II,205,100.000000,0.076383591,false
NSGA-II,205,83.050000,0.078970018,false
NSGA-II,205,90.200000,0.078312183,false
NSGA-II,205,97.000000,0.076478457,false
NSGA-II,205,91.000000,0.078210219,false
NSGA-II,205,97.400000,0.076443592,false
NSGA-II,206,28.000000,0.080318658,false
NSGA-II,206,89.500000,0.077422127,false
NSGA-II,206,68.150000,0.077469022,false
NSGA-II,206,66.500000,0.077876538,false
NSGA-II,206,62.250000,0.078604254,false
NSGA-II,206,43.150000,0.080229815,false
NSGA-II,206,64.100000,0.078323069,false
NSGA-II,206,47.000000,0.079722134,false
NSGA-II,206,52.250000,0.078788614,false
NSGA-II,206,47.500000,0.079146849,false
NSGA-II,206,46.500000,0.079968475,false
NSGA-II,206,50.000000,0.079014052,false
NSGA-II,206,44.150000,0.080088293,false
NSGA-II,206,48.150000,0.079115510,false
NSGA-II,206,51.150000,0.078929488,false
NSGA-II,206,45.150000,0.080052501,false
NSGA-II,206,51.500000,0.078851197,false
NSGA-II,206,52.100000,0.078828570,false
NSGA-II,207,28.000000,0.080318658,false
NSGA-II,207,202.000000,0.074523370,false
NSGA-II,207,199.600000,0.074959952,false
NSGA-II,207,152.600000,0.075080001,false
NSGA-II,207,49.050000,0.080270684,false
NSGA-II,207,147.600000,0.075886148,false
NSGA-II,207,88.000000,0.076992418,false
NSGA-II,207,73.600000,0.078663817,false
NSGA-II,207,69.400000,0.079443369,false
NSGA-II,207,80.000000,0.078016655,false
NSGA-II,207,84.250000,0.077691940,false
NSGA-II,207,123.400000,0.075899941,false
NSGA-II,207,72.400000,0.079030162,false
NSGA-II,207,120.400000,0.076186903,false
NSGA-II,207,62.150000,0.079831638,false
NSGA-II,207,57.150000,0.079928959,false
NSGA-II,207,149.400000,0.075412747,false
NSGA-II,207,99.600000,0.076890816,false
NSGA-II,207,104.000000,0.076346059,false
NSGA-II,207,100.600000,0.076587143,false
NSGA-II,207,83.000000,0.077862122,false
NSGA-II,207,150.600000,0.075151600,false
NSGA-II,207,122.400000,0.076050171,false
NSGA-II,207,200.000000,0.074748167,false
NSGA-II,207,102.000000,0.076483064,false
NSGA-II,207,201.400000,0.074656255,false
NSGA-II,207,102.600000,0.076391739,false
NSGA-II,207,200.400000,0.074685159,false
NSGA-II,208,28.000000,0.080318658,false
NSGA-II,208,153.400000,0.073954924,false
NSGA-II,208,80.000000,0.076735387,false
NSGA-II,208,76.000000,0.078762481,false
NSGA-II,208,100.500000,0.075411678,false
NSGA-II,208,94.500000,0.075879347,false
NSGA-II,208,88.150000,0.076573520,false
NSGA-II,208,47.050000,0.080123535,false
NSGA-II,208,57.050000,0.079306321,false
NSGA-II,208,122.500000,0.075408299,false
NSGA-II,208,142.250000,0.074665255,false
NSGA-II,208,151.200000,0.074273029,false
NSGA-II,208,148.400000,0.074586678,false
NSGA-II,208,134.500000,0.075012648,false
NSGA-II,208,53.500000,0.079645477,false
NSGA-II,208,134.000000,0.075070042,false
NSGA-II,208,123.500000,0.075230457,false
NSGA-II,208,70.050000,0.079261280,false
NSGA-II,208,75.600000,0.079155527,false
NSGA-II,208,48.500000,0.079655038,false
NSGA-II,208,48.050000,0.079776178,false
NSGA-II,208,47.500000,0.080006892,false
NSGA-II,208,71.200000,0.079254363,false
NSGA-II,208,123.200000,0.075293080,false
NSGA-II,208,122.600000,0.075377838,false
NSGA-II,209,28.000000,0.080318658,false
NSGA-II,209,194.000000,0.074402685,false
NSGA-II,209,143.600000,0.075947440,false
NSGA-II,209,103.000000,0.076471385,false
NSGA-II,209,77.400000,0.079020019,false
NSGA-II,209,149.400000,0.074903197,false
NSGA-II,209,79.400000,0.077993103,false
NSGA-II,209,171.000000,0.074616612,false
NSGA-II,209,61.500000,0.079021066,false
NSGA-II,209,172.000000,0.074539599,false
NSGA-II,209,56.150000,0.079304373,false
NSGA-II,209,47.500000,0.080154054,false
NSGA-II,209,55.500000,0.079836516,false
NSGA-II,209,100.000000,0.077019336,false
NSGA-II,209,144.200000,0.075665303,false
NSGA-II,209,100.400000,0.076529351,false
NSGA-II,209,147.400000,0.075379298,false
NSGA-II,209,98.600000,0.077459120,false
NSGA-II,209,148.000000,0.075203518,false
NSGA-II,209,91.500000,0.077963650,false
NSGA-II,209,99.200000,0.077236409,false
NSGA-II,209,53.150000,0.080042115,false
NSGA-II,209,87.500000,0.077973625,false
NSGA-II,209,92.500000,0.077629900,false
NSGA-II,209,93.000000,0.077604042,false
NSGA-II,209,49.500000,0.080095669,false
SPEA-II,200,47.500000,0.079812477,false
SPEA-II,200,99.600000,0.076032443,false
SPEA-II,200,67.250000,0.078649351,false
SPEA-II,200,70.400000,0.078585260,false
SPEA-II,200,73.200000,0.078524166,false
SPEA-II,200,80.000000,0.076458281,false
SPEA-II,200,73.250000,0.078181922,false
SPEA-II,200,88.000000,0.076307787,false
SPEA-II,200,204.200000,0.075889639,false
SPEA-II,200,53.500000,0.078825634,false
SPEA-II,200,48.250000,0.079497920,false
SPEA-II,200,73.400000,0.077321503,false
SPEA-II,200,70.050000,0.078617527,false
SPEA-II,200,49.500000,0.079064455,false
SPEA-II,200,66.500000,0.078747427,false
SPEA-II,200,28.000000,0.080318658,false
SPEA-II,201,47.250000,0.080049235,false
SPEA-II,201,88.500000,0.077338421,false
SPEA-II,201,88.000000,0.077553772,false
SPEA-II,201,67.500000,0.077716690,false
SPEA-II,201,48.000000,0.079707952,false
SPEA-II,201,61.500000,0.078375523,false
SPEA-II,201,51.150000,0.078535359,false
SPEA-II,201,47.500000,0.079998149,false
SPEA-II,201,48.500000,0.079266613,false
SPEA-II,201,47.050000,0.080154998,false
SPEA-II,201,67.150000,0.078068815,false
SPEA-II,201,49.500000,0.078964566,false
SPEA-II,201,28.000000,0.080318658,false
SPEA-II,202,49.500000,0.078859275,false
SPEA-II,202,57.100000,0.078381707,false
SPEA-II,202,42.100000,0.079992841,false
SPEA-II,202,30.150000,0.080262476,false
SPEA-II,202,74.500000,0.077498413,false
SPEA-II,202,38.150000,0.080141524,false
SPEA-II,202,62.500000,0.078111615,false
SPEA-II,202,48.500000,0.079064847,false
SPEA-II,202,54.000000,0.078630119,false
SPEA-II,202,62.100000,0.078373925,false
SPEA-II,202,55.000000,0.078383676,false
SPEA-II,202,46.000000,0.079881229,false
SPEA-II,202,62.150000,0.078195882,false
SPEA-II,202,66.500000,0.078101702,false
SPEA-II,202,68.150000,0.077651255,false
SPEA-II,202,34.500000,0.080180184,false
SPEA-II,202,47.000000,0.079611542,false
SPEA-II,202,46.500000,0.079858336,false
SPEA-II,202,68.050000,0.077984095,false
SPEA-II,202,28.000000,0.080318658,false
SPEA-II,203,99.200000,0.076308998,false
SPEA-II,203,104.000000,0.075887872,false
SPEA-II,203,153.400000,0.075289116,false
SPEA-II,203,152.000000,0.075640545,false
SPEA-II,203,117.500000,0.075689613,false
SPEA-II,203,68.150000,0.079317788,false
SPEA-II,203,153.600000,0.075278168,false
SPEA-II,203,152.400000,0.075377322,false
SPEA-II,203,102.200000,0.076271177,false
SPEA-II,203,74.600000,0.078252382,false
SPEA-II,203,154.400000,0.075047904,false
SPEA-II,203,154.000000,0.075234532,false
SPEA-II,203,86.500000,0.077379453,false
SPEA-II,203,98.600000,0.076734110,false
SPEA-II,203,70.400000,0.079048636,false
SPEA-II,203,48.250000,0.079875646,false
SPEA-II,203,97.200000,0.077278809,false
SPEA-II,203,73.400000,0.078751246,false
SPEA-II,203,98.200000,0.076990867,false
SPEA-II,203,62.050000,0.079647499,false
SPEA-II,203,68.100000,0.079522733,false
SPEA-II,203,80.000000,0.077756598,false
SPEA-II,203,99.600000,0.076305675,false
SPEA-II,203,97.400000,0.077137274,false
SPEA-II,203,49.050000,0.079818906,false
SPEA-II,203,47.500000,0.079922141,false
SPEA-II,203,62.000000,0.079802646,false
SPEA-II,203,28.000000,0.080318658,false
SPEA-II,204,94.000000,0.077690858,false
SPEA-II,204,94.200000,0.077278907,false
SPEA-II,204,93.000000,0.078170932,false
SPEA-II,204,93.400000,0.077814281,false
SPEA-II,204,99.400000,0.076449912,false
SPEA-II,204,96.400000,0.077016545,false
SPEA-II,204,179.200000,0.075241442,false
SPEA-II,204,98.600000,0.076796657,false
SPEA-II,204,69.000000,0.079581888,false
SPEA-II,204,174.600000,0.075264299,false
SPEA-II,204,102.600000,0.076385325,false
SPEA-II,204,48.000000,0.079924360,false
SPEA-II,204,35.150000,0.080313133,false
SPEA-II,204,103.600000,0.075936756,false
SPEA-II,204,101.600000,0.076443706,false
SPEA-II,204,181.200000,0.075046721,false
SPEA-II,204,50.000000,0.079755336,false
SPEA-II,204,42.150000,0.080189925,false
SPEA-II,204,49.000000,0.079864913,false
SPEA-II,204,49.100000,0.079779217,false
SPEA-II,204,28.000000,0.080318658,false
SPEA-II,205,48.500000,0.080229138,false
SPEA-II,205,231.000000,0.073511945,false
SPEA-II,205,104.400000,0.075815913,false
SPEA-II,205,101.200000,0.075858627,false
SPEA-II,205,150.200000,0.075741819,false
SPEA-II,205,229.600000,0.074309477,false
SPEA-II,205,99.200000,0.076893622,false
SPEA-II,205,230.000000,0.073653432,false
SPEA-II,205,152.200000,0.074980752,false
SPEA-II,205,100.200000,0.076018656,false
SPEA-II,205,228.000000,0.074845960,false
SPEA-II,205,98.600000,0.077130408,false
SPEA-II,205,151.200000,0.075726982,false
SPEA-II,205,75.000000,0.079473260,false
SPEA-II,205,80.000000,0.077237618,false
SPEA-II,205,66.050000,0.080228105,false
SPEA-II,205,66.500000,0.079954121,false
SPEA-II,205,28.400000,0.080244831,false
SPEA-II,205,28.000000,0.080318658,false
SPEA-II,206,49.250000,0.078642518,false
SPEA-II,206,51.050000,0.078608774,false
SPEA-II,206,68.100000,0.078401859,false
SPEA-II,206,48.500000,0.078824765,false
SPEA-II,206,69.000000,0.078362449,false
SPEA-II,206,82.000000,0.078111789,false
SPEA-II,206,60.100000,0.078463571,false
SPEA-II,206,59.100000,0.078593816,false
SPEA-II,206,47.500000,0.079795999,false
SPEA-II,206,48.050000,0.079484075,false
SPEA-II,206,48.150000,0.079323277,false
SPEA-II,206,49.500000,0.078630131,false
SPEA-II,206,46.500000,0.080109399,false
SPEA-II,206,28.000000,0.080318658,false
SPEA-II,207,63.150000,0.078219261,false
SPEA-II,207,44.100000,0.079812598,false
SPEA-II,207,69.500000,0.077432495,false
SPEA-II,207,67.100000,0.078110166,false
SPEA-II,207,55.500000,0.078409977,false
SPEA-II,207,48.500000,0.078621194,false
SPEA-II,207,52.500000,0.078453882,false
SPEA-II,207,49.250000,0.078535696,false
SPEA-II,207,37.250000,0.079972604,false
SPEA-II,207,48.000000,0.079368746,false
SPEA-II,207,34.050000,0.080235395,false
SPEA-II,207,35.500000,0.080205243,false
SPEA-II,207,38.150000,0.079910552,false
SPEA-II,207,63.050000,0.078342438,false
SPEA-II,207,44.150000,0.079385336,false
SPEA-II,207,36.150000,0.079994945,false
SPEA-II,207,30.000000,0.080274553,false
SPEA-II,207,28.000000,0.080318658,false
SPEA-II,208,96.400000,0.076315087,false
SPEA-II,208,47.500000,0.079866690,false
SPEA-II,208,95.000000,0.076817195,false
SPEA-II,208,94.000000,0.077519371,false
SPEA-II,208,92.000000,0.078311498,false
SPEA-II,208,92.400000,0.077932471,false
SPEA-II,208,91.200000,0.078713427,false
SPEA-II,208,50.000000,0.079096506,false
SPEA-II,208,94.200000,0.077334087,false
SPEA-II,208,91.000000,0.078740891,false
SPEA-II,208,49.100000,0.079656667,false
SPEA-II,208,91.600000,0.078653324,false
SPEA-II,208,98.000000,0.076063145,false
SPEA-II,208,93.400000,0.077750618,false
SPEA-II,208,28.000000,0.080318658,false
SPEA-II,209,157.200000,0.074737276,false
SPEA-II,209,71.100000,0.079255025,false
SPEA-II,209,115.500000,0.076103033,false
SPEA-II,209,150.200000,0.075298702,false
SPEA-II,209,69.000000,0.080134579,false
SPEA-II,209,80.000000,0.077773019,false
SPEA-II,209,102.000000,0.076367491,false
SPEA-II,209,72.100000,0.078959589,false
SPEA-II,209,70.150000,0.080048095,false
SPEA-II,209,93.600000,0.077103110,false
SPEA-II,209,71.000000,0.079672669,false
SPEA-II,209,151.600000,0.075189032,false
SPEA-II,209,79.000000,0.078594953,false
SPEA-II,209,156.000000,0.075138696,false
SPEA-II,209,95.400000,0.076586137,false
SPEA-II,209,78.000000,0.078689334,false
SPEA-II,209,80.150000,0.077666346,false
SPEA-II,209,97.000000,0.076452498,false
SPEA-II,209,96.400000,0.076543349,false
SPEA-II,209,100.050000,0.076373416,false
SPEA-II,209,92.200000,0.077549470,false
SPEA-II,209,75.500000,0.078747674,false
SPEA-II,209,92.600000,0.077295231,false
SPEA-II,209,53.500000,0.080265931,false
SPEA-II,209,28.000000,0.080318658,false
AMOSA,200,28.000000,0.080318658,false
AMOSA,200,28.150000,0.080255500,false
AMOSA,200,28.066667,0.080272930,false
AMOSA,200,28.600000,0.080209244,false
AMOSA,200,108.000000,0.079681011,false
AMOSA,200,110.000000,0.079597441,false
AMOSA,201,28.000000,0.080318658,false
AMOSA,201,28.250000,0.080217286,false
AMOSA,201,28.400000,0.080211342,false
AMOSA,201,29.050000,0.080180137,false
AMOSA,201,30.250000,0.080170428,false
AMOSA,201,31.200000,0.080097145,false
AMOSA,201,28.100000,0.080318053,false
AMOSA,202,28.000000,0.080318658,false
AMOSA,202,29.250000,0.080205669,false
AMOSA,202,28.400000,0.080210327,false
AMOSA,202,27.600000,0.080473637,false
AMOSA,202,28.200000,0.080296828,false
AMOSA,203,28.000000,0.080318658,false
AMOSA,203,29.600000,0.080186016,false
AMOSA,203,28.150000,0.080311071,false
AMOSA,203,29.000000,0.080225198,false
AMOSA,203,48.000000,0.080048017,false
AMOSA,203,28.250000,0.080265554,false
AMOSA,203,108.000000,0.079867306,false
AMOSA,204,28.000000,0.080318658,false
AMOSA,204,28.050000,0.080304526,false
AMOSA,204,28.150000,0.080239352,false
AMOSA,204,28.600000,0.080133601,true
AMOSA,204,28.200000,0.080175554,true
AMOSA,205,28.000000,0.080318658,false
AMOSA,205,48.100000,0.080136264,false
AMOSA,205,28.200000,0.080258743,false
AMOSA,205,28.166667,0.080260617,false
AMOSA,205,48.000000,0.080213441,false
AMOSA,205,28.150000,0.080301944,false
AMOSA,206,28.000000,0.080318658,false
AMOSA,206,29.000000,0.080266167,false
AMOSA,206,29.600000,0.080204134,false
AMOSA,206,28.200000,0.080273444,false
AMOSA,206,48.000000,0.080095672,false
AMOSA,207,28.000000,0.080318658,false
AMOSA,207,28.150000,0.080281326,false
AMOSA,207,29.150000,0.080149902,false
AMOSA,207,28.600000,0.080274063,false
AMOSA,207,28.100000,0.080290106,false
AMOSA,207,27.600000,0.080410806,true
AMOSA,208,28.000000,0.080318658,false
AMOSA,208,48.000000,0.080128835,false
AMOSA,208,28.250000,0.080275506,false
AMOSA,209,28.000000,0.080318658,false
AMOSA,209,29.200000,0.080204944,false
AMOSA,209,28.200000,0.080301672,false
AMOSA,209,29.000000,0.080256550,false
Universal_Pareto,0,27.600000,0.080410806,true
Universal_Pareto,0,28.000000,0.080193694,true
Universal_Pareto,0,28.200000,0.080175554,true
Universal_Pareto,0,28.600000,0.080133601,true
Universal_Pareto,0,29.285714,0.077137075,true
Universal_Pareto,0,30.200000,0.077121896,true
Universal_Pareto,0,30.400000,0.077106453,true
Universal_Pareto,0,31.200000,0.076946093,true
Universal_Pareto,0,32.200000,0.076064914,true
Universal_Pareto,0,32.400000,0.076059123,true
Universal_Pareto,0,32.600000,0.076034292,true
Universal_Pareto,0,37.200000,0.073636072,true
Universal_Pareto,0,40.000000,0.073539226,true
Universal_Pareto,0,50.000000,0.073360057,true
Universal_Pareto,0,50.400000,0.073329435,true
Universal_Pareto,0,51.200000,0.072679548,true
Universal_Pareto,0,51.400000,0.072658848,true
Universal_Pareto,0,59.200000,0.072277009,true
Universal_Pareto,0,59.600000,0.072256308,true
Universal_Pareto,0,60.600000,0.072246387,true
Universal_Pareto,0,66.150000,0.070528367,true
Universal_Pareto,0,66.500000,0.070352798,true
Universal_Pareto,0,72.500000,0.070234242,true
Universal_Pareto,0,73.000000,0.070097733,true
Universal_Pareto,0,78.500000,0.069304580,true
Universal_Pareto,0,79.000000,0.069223282,true
Universal_Pareto,0,79.050000,0.069136025,true
Universal_Pareto,0,85.500000,0.069028505,true
Universal_Pareto,0,92.500000,0.068888630,true
Universal_Pareto,0,105.500000,0.068730181,true
Universal_Pareto,0,106.000000,0.068405380,true
Universal_Pareto,0,106.200000,0.067925952,true
Universal_Pareto,0,106.400000,0.067925952,true
Universal_Pareto,0,245.600000,0.067896797,true
Universal_Pareto,0,270.600000,0.067804874,true
Universal_Pareto,0,272.600000,0.067781288,true
Universal_Pareto,0,275.400000,0.067755601,true
